tic_id,toi,label,tfopwg_disp,archive_period_days,sequence_number,obs_id,obsid,fits_path,extraction_status,period_days,transit_depth,duration_hours,num_transit_points,baseline_scatter,transit_snr,num_events,period_scatter_days,bls_score,bls_duration_hours,bls_phase
277871306,2664.01,0,FP,3.9602774,35,tess2021039152502-s0035-0000000277871306-0205-s,60671830,data\raw\ml\mastDownload\TESS\tess2021039152502-s0035-0000000277871306-0205-s\tess2021039152502-s0035-0000000277871306-0205-s_lc.fits,success,1.928799999999997,0.010583221402022613,1.1666952209125157,36.0,0.0014142797175117061,7.48311756930433,1.0,,48.25913727144482,8.0,-0.33375
26583436,6172.01,0,FP,6.1432609,74,tess2024003055635-s0074-0000000026583436-0269-s,212263376,data\raw\ml\mastDownload\TESS\tess2024003055635-s0074-0000000026583436-0269-s\tess2024003055635-s0074-0000000026583436-0269-s_lc.fits,success,6.127400000000126,0.018312476189236704,5.699883316643536,171.0,0.006012359243019575,3.045805390038481,7.0,0.03797543219221275,11.53127951910245,4.0,0.43125
100267480,2341.01,0,FP,0.87741,67,tess2023181235917-s0067-0000000100267480-0261-s,170997408,data\raw\ml\mastDownload\TESS\tess2023181235917-s0067-0000000100267480-0261-s\tess2023181235917-s0067-0000000100267480-0261-s_lc.fits,success,1.7635999999999952,0.026641028897725683,10.66675912073697,321.0,0.00842458772025867,3.1622946762916126,5.0,0.04610819867070398,52.70492174392392,8.0,-0.03749999999999998
230055368,5720.01,1,CP,1.4344602,22,tess2020049080258-s0022-0000000230055368-0174-s,27325626,data\raw\ml\mastDownload\TESS\tess2020049080258-s0022-0000000230055368-0174-s\tess2020049080258-s0022-0000000230055368-0174-s_lc.fits,success,13.200799999999893,0.00551806818678513,0.9666645227953268,30.0,0.0026240567146005507,2.1028768761292276,1.0,,5.759390850962481,6.0,0.16000000000000003
35009898,654.01,1,CP,1.5275639,9,tess2019058134432-s0009-0000000035009898-0139-s,62892296,data\raw\ml\mastDownload\TESS\tess2019058134432-s0009-0000000035009898-0139-s\tess2019058134432-s0009-0000000035009898-0139-s_lc.fits,success,4.581800000000113,0.009570928157566994,1.899954213979072,58.0,0.0038774367081610096,2.4683647672243483,3.0,0.006409886992489047,10.051969418422358,1.0,-0.385
14770122,5098.01,1,KP,3.5438732,44,tess2021284114741-s0044-0000000014770122-0215-s,68720624,data\raw\ml\mastDownload\TESS\tess2021284114741-s0044-0000000014770122-0215-s\tess2021284114741-s0044-0000000014770122-0215-s_lc.fits,success,3.543999999999997,0.017330568881069763,4.06706286057306,123.0,0.0033880752396702896,5.11516647509761,7.0,0.004120157115187916,70.69080057991097,3.5,-0.4625
235664497,4104.01,1,PC,2.3757662,53,tess2022164095748-s0053-0000000235664497-0226-s,87753500,data\raw\ml\mastDownload\TESS\tess2022164095748-s0053-0000000235664497-0226-s\tess2022164095748-s0053-0000000235664497-0226-s_lc.fits,success,2.3773999999999966,0.032186442563244544,4.499992539134837,136.0,0.008615670551561887,3.735802381325925,9.0,0.030131458320272034,25.521762809873735,3.0,0.06125000000000003
341544930,1182.01,0,FP,7.6416041,41,tess2021204101404-s0041-0000000341544930-0212-s,62805909,data\raw\ml\mastDownload\TESS\tess2021204101404-s0041-0000000341544930-0212-s\tess2021204101404-s0041-0000000341544930-0212-s_lc.fits,success,7.638000000000107,0.007564295676360411,1.9666397596156457,60.0,0.001005368737304713,7.523901823961113,4.0,0.005031528235419806,70.75633806218994,2.0,-0.05499999999999999
409794137,1478.01,1,CP,10.1802014,34,tess2021014023720-s0034-0000000409794137-0204-s,28300853,data\raw\ml\mastDownload\TESS\tess2021014023720-s0034-0000000409794137-0204-s\tess2021014023720-s0034-0000000409794137-0204-s_lc.fits,success,10.181599999999888,0.012350107377011144,3.5667013580023195,108.0,0.0011294483734197106,10.9346364718007,2.0,0.0004962668149346428,119.26376746713335,3.5,0.48250000000000004
16550540,6384.01,1,PC,2.4810218,73,tess2023341045131-s0073-0000000016550540-0268-s,206171447,data\raw\ml\mastDownload\TESS\tess2023341045131-s0073-0000000016550540-0268-s\tess2023341045131-s0073-0000000016550540-0268-s_lc.fits,success,2.4809999999999963,0.08187247233396333,5.599957712463947,169.0,0.02246127426914623,3.645050202980998,9.0,0.029804185528201358,19.746098138803944,1.5,-0.03749999999999998
207937389,6623.01,1,PC,3.1791661,99,tess2026005125623-s0099-0000000207937389-0300-s,378414789,data\raw\ml\mastDownload\TESS\tess2026005125623-s0099-0000000207937389-0300-s\tess2026005125623-s0099-0000000207937389-0300-s_lc.fits,success,3.178799999999997,0.035058008381933625,3.800270431311219,115.0,0.010311890966578724,3.3997652317657465,5.0,0.017059748434310944,38.73801094800489,2.5,0.09624999999999995
446463666,4883.01,1,PC,4.4967355,63,tess2023069172124-s0063-0000000446463666-0255-s,127099578,data\raw\ml\mastDownload\TESS\tess2023069172124-s0063-0000000446463666-0255-s\tess2023069172124-s0063-0000000446463666-0255-s_lc.fits,success,4.487600000000083,0.02973633541199483,6.133400419879763,185.0,0.010345221238853139,2.8744030432442806,6.0,0.032236069172393966,14.496801824239075,3.5,-0.06374999999999997
186599508,1592.01,0,FP,5.6318074,18,tess2019306063752-s0018-0000000186599508-0162-s,27586481,data\raw\ml\mastDownload\TESS\tess2019306063752-s0018-0000000186599508-0162-s\tess2019306063752-s0018-0000000186599508-0162-s_lc.fits,success,5.624000000000119,,,,,,0.0,,19.981355364684955,2.5,0.25625
120045750,5981.01,1,PC,7.0142458,41,tess2021204101404-s0041-0000000120045750-0212-s,62792236,data\raw\ml\mastDownload\TESS\tess2021204101404-s0041-0000000120045750-0212-s\tess2021204101404-s0041-0000000120045750-0212-s_lc.fits,success,13.426799999999972,0.007496178022500688,2.0332879423513077,62.0,0.003224016196378671,2.3251055720255565,1.0,,8.249897174212688,6.5,-0.485
37084932,879.01,0,FP,6.58454,33,tess2020351194500-s0033-0000000037084932-0203-s,28221823,data\raw\ml\mastDownload\TESS\tess2020351194500-s0033-0000000037084932-0203-s\tess2020351194500-s0033-0000000037084932-0203-s_lc.fits,success,6.606200000000124,0.005572110974978561,3.6666732878802577,111.0,0.0009073156360981206,6.141314833877692,4.0,0.018967070871748783,81.05426194503752,3.5,-0.34375
274198407,7463.01,1,KP,4.662632,41,tess2021204101404-s0041-0000000274198407-0212-s,62803705,data\raw\ml\mastDownload\TESS\tess2021204101404-s0041-0000000274198407-0212-s\tess2021204101404-s0041-0000000274198407-0212-s_lc.fits,success,13.333599999999908,0.026258672417511675,6.0333931839850266,181.0,0.006842840569979826,3.8373935720073473,1.0,,12.530980136447303,8.0,-0.4875
286355915,1637.01,0,FP,4.076684,18,tess2019306063752-s0018-0000000286355915-0162-s,27589215,data\raw\ml\mastDownload\TESS\tess2019306063752-s0018-0000000286355915-0162-s\tess2019306063752-s0018-0000000286355915-0162-s_lc.fits,success,4.076200000000101,0.014518894964237972,4.133317754120071,125.0,0.001531572171592608,9.479732808895628,5.0,0.0015039090445104339,141.23026624627087,4.0,0.10250000000000004
326919774,1552.01,0,FP,7.57193,17,tess2019279210107-s0017-0000000326919774-0161-s,27546880,data\raw\ml\mastDownload\TESS\tess2019279210107-s0017-0000000326919774-0161-s\tess2019279210107-s0017-0000000326919774-0161-s_lc.fits,success,1.3351999999999957,,,,,,0.0,,49.970670198614535,8.0,0.26749999999999996
115623434,2279.01,1,PC,3.1434463,24,tess2020106103520-s0024-0000000115623434-0180-s,27390998,data\raw\ml\mastDownload\TESS\tess2020106103520-s0024-0000000115623434-0180-s\tess2020106103520-s0024-0000000115623434-0180-s_lc.fits,success,11.874199999999906,0.006025777111118069,1.5000273110890703,45.0,0.0013421018818545105,4.489806021873449,1.0,,30.853717493598783,7.5,-0.45625
283303192,2741.01,1,PC,2.9884191,87,tess2024353092137-s0087-0000000283303192-0284-s,238537248,data\raw\ml\mastDownload\TESS\tess2024353092137-s0087-0000000283303192-0284-s\tess2024353092137-s0087-0000000283303192-0284-s_lc.fits,success,2.987799999999996,0.019520243285785943,3.6667298866377678,111.0,0.0029779257330908916,6.554979887132784,1.0,,80.28780757728482,3.0,0.41125
117689799,3504.01,0,FP,2.1570462,54,tess2022190063128-s0054-0000000117689799-0227-s,91545433,data\raw\ml\mastDownload\TESS\tess2022190063128-s0054-0000000117689799-0227-s\tess2022190063128-s0054-0000000117689799-0227-s_lc.fits,success,2.1571999999999965,0.031644326364754116,8.666682763079734,261.0,0.005916391033740584,5.348586018789106,4.0,0.054425484736757616,60.64146501514488,2.0,0.41374999999999995
67926921,1712.01,0,FP,3.566276,47,tess2021364111932-s0047-0000000067926921-0218-s,71652360,data\raw\ml\mastDownload\TESS\tess2021364111932-s0047-0000000067926921-0218-s\tess2021364111932-s0047-0000000067926921-0218-s_lc.fits,success,3.5669999999999966,0.006211568805654655,3.4667451694585907,105.0,0.0010217094880152382,6.079584146488823,6.0,0.015113654462319602,89.17414805460987,4.0,-0.07624999999999998
196261799,6197.01,1,PC,3.7294859,84,tess2024274222008-s0084-0000000196261799-0281-s,233388580,data\raw\ml\mastDownload\TESS\tess2024274222008-s0084-0000000196261799-0281-s\tess2024274222008-s0084-0000000196261799-0281-s_lc.fits,success,3.7289999999999988,0.016724104172391563,4.066776797950297,123.0,0.004639896500046992,3.604413195902578,3.0,0.007858547592057065,34.75819605783918,3.0,-0.32625000000000004
59770954,4748.01,1,PC,4.1018859,71,tess2023289093419-s0071-0000000059770954-0266-s,197689117,data\raw\ml\mastDownload\TESS\tess2023289093419-s0071-0000000059770954-0266-s\tess2023289093419-s0071-0000000059770954-0266-s_lc.fits,success,4.101600000000112,0.03939534423771074,4.200319868392398,127.0,0.012771925604305435,3.0845265982782197,4.0,0.030139778518433753,21.274283591696296,3.5,-0.012500000000000011
316916655,441.01,0,FP,2.87436,5,tess2018319095959-s0005-0000000316916655-0125-s,61541277,data\raw\ml\mastDownload\TESS\tess2018319095959-s0005-0000000316916655-0125-s\tess2018319095959-s0005-0000000316916655-0125-s_lc.fits,success,2.8747999999999974,,,,,,0.0,,51.72039937136005,1.5,0.26375000000000004
198206613,1741.01,1,PC,10.9406641,14,tess2019198215352-s0014-0000000198206613-0150-s,27431105,data\raw\ml\mastDownload\TESS\tess2019198215352-s0014-0000000198206613-0150-s\tess2019198215352-s0014-0000000198206613-0150-s_lc.fits,success,13.811199999999914,,,,,,0.0,,12.144999083508084,5.5,0.31875
105135774,3734.01,1,PC,2.141186,59,tess2022330142927-s0059-0000000105135774-0248-s,113384444,data\raw\ml\mastDownload\TESS\tess2022330142927-s0059-0000000105135774-0248-s\tess2022330142927-s0059-0000000105135774-0248-s_lc.fits,success,2.140199999999996,0.024906339103125563,5.433361334344227,164.0,0.008476397872281315,2.938316426199368,10.0,0.026095491632869148,26.755243064460767,2.5,0.06374999999999997
290302097,2902.01,0,FP,2.9918201,62,tess2023043185947-s0062-0000000290302097-0254-s,124160239,data\raw\ml\mastDownload\TESS\tess2023043185947-s0062-0000000290302097-0254-s\tess2023043185947-s0062-0000000290302097-0254-s_lc.fits,success,5.980400000000111,0.01401955778084385,2.5333936848874146,77.0,0.005140922593708213,2.72705093790011,1.0,,10.49452342864755,2.5,-0.10875000000000001
170627138,6580.01,1,PC,10.9600975,90,tess2025071122000-s0090-0000000170627138-0287-s,262860952,data\raw\ml\mastDownload\TESS\tess2025071122000-s0090-0000000170627138-0287-s\tess2025071122000-s0090-0000000170627138-0287-s_lc.fits,success,10.969999999999915,0.01226764976271233,3.800122730935982,115.0,0.0026613417828312224,4.609573201703391,1.0,,22.35137480698301,6.0,-0.04125000000000001
292321872,1572.01,0,FP,8.66698,18,tess2019306063752-s0018-0000000292321872-0162-s,27585587,data\raw\ml\mastDownload\TESS\tess2019306063752-s0018-0000000292321872-0162-s\tess2019306063752-s0018-0000000292321872-0162-s_lc.fits,success,8.670599999999911,0.007341105837488371,2.8666710118450283,87.0,0.0013510450611079765,5.43364988246063,2.0,0.0008327627434709939,34.219408922492256,4.0,-0.09749999999999998
447593267,3076.01,1,PC,7.8595931,63,tess2023069172124-s0063-0000000447593267-0255-s,127099624,data\raw\ml\mastDownload\TESS\tess2023069172124-s0063-0000000447593267-0255-s\tess2023069172124-s0063-0000000447593267-0255-s_lc.fits,success,0.7077999999999938,0.023493550916827366,8.866659628445632,267.0,0.009096624187395132,2.5826669798430877,4.0,0.068984513587903,83.76613761843481,8.0,-0.05499999999999999
358557578,2635.01,1,PC,7.4547813,36,tess2021065132309-s0036-0000000358557578-0207-s,60756629,data\raw\ml\mastDownload\TESS\tess2021065132309-s0036-0000000358557578-0207-s\tess2021065132309-s0036-0000000358557578-0207-s_lc.fits,success,7.459400000000111,0.006384561045268522,0.766668826698151,24.0,0.0022631702021677596,2.8210697715766675,1.0,,15.13108914936995,6.5,0.25125
326732851,2058.01,0,FP,1.51567,77,tess2024085201119-s0077-0000000326732851-0272-s,216504066,data\raw\ml\mastDownload\TESS\tess2024085201119-s0077-0000000326732851-0272-s\tess2024085201119-s0077-0000000326732851-0272-s_lc.fits,success,1.5153999999999959,,,,,,0.0,,13.035078527053003,3.0,-0.36124999999999996
382602147,2384.01,1,CP,2.1357026,28,tess2020212050318-s0028-0000000382602147-0190-s,27822137,data\raw\ml\mastDownload\TESS\tess2020212050318-s0028-0000000382602147-0190-s\tess2020212050318-s0028-0000000382602147-0190-s_lc.fits,success,2.1351999999999967,0.049275894390879316,3.33336391263947,101.0,0.0074033267060829204,6.655912449519745,10.0,0.008106789004900862,69.4623655580082,1.5,-0.27
470974162,3781.01,0,FP,3.2583798,47,tess2021364111932-s0047-0000000470974162-0218-s,71670525,data\raw\ml\mastDownload\TESS\tess2021364111932-s0047-0000000470974162-0218-s\tess2021364111932-s0047-0000000470974162-0218-s_lc.fits,success,3.260199999999997,0.02250391849448996,3.3666977830907854,102.0,0.004251980371585171,5.292573466443431,8.0,0.010979358803187463,24.21827526302055,2.5,-0.48125
279383896,3958.01,1,PC,12.0031646,57,tess2022273165103-s0057-0000000279383896-0245-s,101304048,data\raw\ml\mastDownload\TESS\tess2022273165103-s0057-0000000279383896-0245-s\tess2022273165103-s0057-0000000279383896-0245-s_lc.fits,success,11.32499999999988,0.014884417849562404,3.900004940922372,118.0,0.003262366309009838,4.56246063124652,2.0,0.004292276566502551,19.26119997420332,4.5,-0.4937499999999999
367607434,1542.01,0,FA,8.2916,16,tess2019253231442-s0016-0000000367607434-0152-s,27507883,data\raw\ml\mastDownload\TESS\tess2019253231442-s0016-0000000367607434-0152-s\tess2019253231442-s0016-0000000367607434-0152-s_lc.fits,success,11.261599999999888,,,,,,0.0,,16.6377710264423,8.0,-0.48750000000000004
198211976,2283.01,0,FA,0.4018586,14,tess2019198215352-s0014-0000000198211976-0150-s,27443843,data\raw\ml\mastDownload\TESS\tess2019198215352-s0014-0000000198211976-0150-s\tess2019198215352-s0014-0000000198211976-0150-s_lc.fits,success,5.321800000000113,0.003937167729966551,0.8666558226323104,27.0,0.002095168121099628,1.8791655382290602,1.0,,6.8748793418397085,6.5,-0.1225
150424946,3411.01,1,PC,7.0628019,61,tess2023018032328-s0061-0000000150424946-0250-s,117953218,data\raw\ml\mastDownload\TESS\tess2023018032328-s0061-0000000150424946-0250-s\tess2023018032328-s0061-0000000150424946-0250-s_lc.fits,success,7.066400000000125,0.030601878317256137,4.8333589815702,146.0,0.008070594491712093,3.791774986177538,1.0,,29.567761422495188,4.0,0.33875
70514245,7705.01,1,PC,4.0477821,97,tess2025258001959-s0097-0000000070514245-0294-s,365498673,data\raw\ml\mastDownload\TESS\tess2025258001959-s0097-0000000070514245-0294-s\tess2025258001959-s0097-0000000070514245-0294-s_lc.fits,success,4.0475999999999965,0.021437661602034863,5.566417299749446,165.0,0.005506740435274384,3.89298566983695,6.0,0.0310962290248583,64.91275164070343,1.5,-0.1375
462072242,2960.01,1,PC,2.0916623,63,tess2023069172124-s0063-0000000462072242-0255-s,127100318,data\raw\ml\mastDownload\TESS\tess2023069172124-s0063-0000000462072242-0255-s\tess2023069172124-s0063-0000000462072242-0255-s_lc.fits,success,2.089999999999997,0.03821243369331617,4.400066407299164,133.0,0.009833667823210716,3.885878024384977,11.0,0.025315921571263576,26.198917879678493,2.5,0.3425
385654601,4211.01,1,PC,2.2715616,87,tess2024353092137-s0087-0000000385654601-0284-s,238540594,data\raw\ml\mastDownload\TESS\tess2024353092137-s0087-0000000385654601-0284-s\tess2024353092137-s0087-0000000385654601-0284-s_lc.fits,success,2.271799999999997,0.029678829677291296,5.233446584305057,158.0,0.009301234787265224,3.190848350363764,2.0,0.013601137597106572,31.339332524755527,3.0,-0.3425
302798365,2946.01,1,PC,4.9186433,63,tess2023069172124-s0063-0000000302798365-0255-s,127094649,data\raw\ml\mastDownload\TESS\tess2023069172124-s0063-0000000302798365-0255-s\tess2023069172124-s0063-0000000302798365-0255-s_lc.fits,success,4.917200000000103,0.030765655657277957,2.6333738968824036,79.0,0.004225255648374424,7.281371405092228,6.0,0.007034989015624236,72.2471967422579,1.5,-0.31875
186000935,1304.01,0,FP,8.8735214,41,tess2021204101404-s0041-0000000186000935-0212-s,62797079,data\raw\ml\mastDownload\TESS\tess2021204101404-s0041-0000000186000935-0212-s\tess2021204101404-s0041-0000000186000935-0212-s_lc.fits,success,8.864999999999926,,,,,,0.0,,15.884497312533684,3.0,0.16249999999999998
52738649,4729.01,1,PC,6.9279673,87,tess2024353092137-s0087-0000000052738649-0284-s,238529389,data\raw\ml\mastDownload\TESS\tess2024353092137-s0087-0000000052738649-0284-s\tess2024353092137-s0087-0000000052738649-0284-s_lc.fits,success,6.932800000000096,0.018167860178877837,2.333314863011765,71.0,0.005423654968040846,3.349744828152389,2.0,0.002001443111566914,15.73548943750523,1.5,-0.2025
142908390,6405.01,1,PC,6.7392054,88,tess2025014115807-s0088-0000000142908390-0285-s,245362915,data\raw\ml\mastDownload\TESS\tess2025014115807-s0088-0000000142908390-0285-s\tess2025014115807-s0088-0000000142908390-0285-s_lc.fits,success,13.750799999999916,0.016100555868550748,10.199913158685376,307.0,0.005967385759880592,2.698092014898149,2.0,0.018536816490268393,33.514488094035194,5.5,-0.49125
279605855,4048.01,0,FP,1.972401,52,tess2022138205153-s0052-0000000279605855-0224-s,87648996,data\raw\ml\mastDownload\TESS\tess2022138205153-s0052-0000000279605855-0224-s\tess2022138205153-s0052-0000000279605855-0224-s_lc.fits,success,7.904600000000122,0.017759603244715594,2.4333646880659217,74.0,0.00863124181930968,2.0575953746289537,1.0,,4.687181215833954,0.5,0.27375000000000005
331160996,3197.01,1,PC,2.1972485,65,tess2023124020739-s0065-0000000331160996-0259-s,151535489,data\raw\ml\mastDownload\TESS\tess2023124020739-s0065-0000000331160996-0259-s\tess2023124020739-s0065-0000000331160996-0259-s_lc.fits,success,2.1965999999999966,0.05889435701142254,6.866612684523716,207.0,0.018056835059345484,3.2616101779664435,14.0,0.02678144017211179,57.69962925766664,2.0,-0.39125
372596796,3181.01,0,FP,3.5366743,90,tess2025071122000-s0090-0000000372596796-0287-s,262866775,data\raw\ml\mastDownload\TESS\tess2025071122000-s0090-0000000372596796-0287-s\tess2025071122000-s0090-0000000372596796-0287-s_lc.fits,success,3.5367999999999977,0.021891888375953683,3.6667265500946087,111.0,0.005057077714748227,4.328960243602584,3.0,0.01130418132733012,48.87468896994904,2.5,0.18999999999999995
91324328,6739.01,1,PC,4.6588405,93,tess2025154050500-s0093-0000000091324328-0290-s,300577166,data\raw\ml\mastDownload\TESS\tess2025154050500-s0093-0000000091324328-0290-s\tess2025154050500-s0093-0000000091324328-0290-s_lc.fits,success,4.659400000000108,0.02319336722214016,4.266650404184475,129.0,0.005491056241717789,4.223844411924014,2.0,0.001843160676799016,26.601619957846417,1.5,0.02124999999999999
388076422,6034.01,1,CP,2.5761796,56,tess2022244194134-s0056-0000000388076422-0243-s,97941728,data\raw\ml\mastDownload\TESS\tess2022244194134-s0056-0000000388076422-0243-s\tess2022244194134-s0056-0000000388076422-0243-s_lc.fits,success,2.575799999999997,0.03631959260108841,5.266773507501057,159.0,0.01662058310753051,2.185217712646472,10.0,0.024311399655102338,41.56130671838223,1.0,0.265
2685481,5113.01,1,PC,4.136488,59,tess2022330142927-s0059-0000000002685481-0248-s,113382380,data\raw\ml\mastDownload\TESS\tess2022330142927-s0059-0000000002685481-0248-s\tess2022330142927-s0059-0000000002685481-0248-s_lc.fits,success,12.444199999999977,,,,,,0.0,,10.179327855665505,7.5,-0.4875
32949762,2464.01,1,KP,3.7684981,32,tess2020324010417-s0032-0000000032949762-0200-s,28147033,data\raw\ml\mastDownload\TESS\tess2020324010417-s0032-0000000032949762-0200-s\tess2020324010417-s0032-0000000032949762-0200-s_lc.fits,success,3.768999999999999,0.04281838097835999,4.5334258696420875,137.0,0.006569390005359417,6.5178625326595085,4.0,0.010788699572566134,52.23069384407156,2.5,0.35624999999999996
352107384,7410.01,1,PC,3.5043637,57,tess2022273165103-s0057-0000000352107384-0245-s,101306081,data\raw\ml\mastDownload\TESS\tess2022273165103-s0057-0000000352107384-0245-s\tess2022273165103-s0057-0000000352107384-0245-s_lc.fits,success,10.592999999999908,,,,,,0.0,,10.042615740799572,5.5,-0.48625
286099128,3422.01,1,KP,3.7788779,61,tess2023018032328-s0061-0000000286099128-0250-s,117957148,data\raw\ml\mastDownload\TESS\tess2023018032328-s0061-0000000286099128-0250-s\tess2023018032328-s0061-0000000286099128-0250-s_lc.fits,success,3.778199999999998,0.013976759947703421,3.333464624141925,101.0,0.004230770916672016,3.303596489383485,1.0,,78.23222308479197,2.5,-0.38625
304950588,3220.01,0,FP,7.4316274,64,tess2023096110322-s0064-0000000304950588-0257-s,139098373,data\raw\ml\mastDownload\TESS\tess2023096110322-s0064-0000000304950588-0257-s\tess2023096110322-s0064-0000000304950588-0257-s_lc.fits,success,7.4292000000000895,0.0843779662778944,13.766581418243732,376.0,0.021506458336011013,3.9233780364761213,5.0,0.04045939517759652,16.366526162015155,2.5,-0.3775
406976746,1063.01,1,PC,10.0665517,12,tess2019140104343-s0012-0000000406976746-0144-s,65192280,data\raw\ml\mastDownload\TESS\tess2019140104343-s0012-0000000406976746-0144-s\tess2019140104343-s0012-0000000406976746-0144-s_lc.fits,success,10.258799999999894,,,,,,0.0,,24.491138783412005,8.0,-0.48875
1400770435,1344.01,0,FP,13.7432169,14,tess2019198215352-s0014-0000001400770435-0150-s,27440949,data\raw\ml\mastDownload\TESS\tess2019198215352-s0014-0000001400770435-0150-s\tess2019198215352-s0014-0000001400770435-0150-s_lc.fits,success,6.869000000000089,0.006274080267616444,1.4666411472207983,45.0,0.0006059128352240313,10.35475715792793,2.0,0.0027754847318419706,68.3765233447745,1.5,-0.065
267650535,3597.01,1,KP,4.0088245,57,tess2022273165103-s0057-0000000267650535-0245-s,101303605,data\raw\ml\mastDownload\TESS\tess2022273165103-s0057-0000000267650535-0245-s\tess2022273165103-s0057-0000000267650535-0245-s_lc.fits,success,4.008399999999997,0.02866103436001677,3.466601558448019,105.0,0.00317544737023164,9.025825661196842,1.0,,131.18630785463571,2.5,-0.34750000000000003
341186896,999.01,0,FP,1.5078959,27,tess2020186164531-s0027-0000000341186896-0189-s,27807055,data\raw\ml\mastDownload\TESS\tess2020186164531-s0027-0000000341186896-0189-s\tess2020186164531-s0027-0000000341186896-0189-s_lc.fits,success,1.5063999999999946,,,,,,0.0,,21.817852667353844,3.0,0.33375
84788795,5446.01,0,FP,4.4977307,71,tess2023289093419-s0071-0000000084788795-0266-s,197691333,data\raw\ml\mastDownload\TESS\tess2023289093419-s0071-0000000084788795-0266-s\tess2023289093419-s0071-0000000084788795-0266-s_lc.fits,success,12.009199999999872,0.019089994572373148,3.033601686511247,92.0,0.006540095299032167,2.918916881103884,1.0,,15.863785462073546,5.5,-0.49249999999999994
151959065,673.01,0,FP,10.5426254,9,tess2019058134432-s0009-0000000151959065-0139-s,62897958,data\raw\ml\mastDownload\TESS\tess2019058134432-s0009-0000000151959065-0139-s\tess2019058134432-s0009-0000000151959065-0139-s_lc.fits,success,10.545999999999879,0.022266337938667502,5.900085484985539,178.0,0.0035527702283777523,6.267317194006842,1.0,,72.79246256960506,5.0,0.18500000000000005
330944099,6196.01,0,FP,3.6119975,76,tess2024058030222-s0076-0000000330944099-0271-s,214433212,data\raw\ml\mastDownload\TESS\tess2024058030222-s0076-0000000330944099-0271-s\tess2024058030222-s0076-0000000330944099-0271-s_lc.fits,success,0.7399999999999947,0.057407741596214756,6.933134605173109,209.0,0.015641062101799323,3.6703224642021377,46.0,0.028849891971413348,21.742517481569646,2.0,-0.36875
376421071,4927.01,1,PC,0.8166936,64,tess2023096110322-s0064-0000000376421071-0257-s,139102347,data\raw\ml\mastDownload\TESS\tess2023096110322-s0064-0000000376421071-0257-s\tess2023096110322-s0064-0000000376421071-0257-s_lc.fits,success,0.8167999999999951,0.024093116590801045,3.5666659228736535,108.0,0.007805696110624455,3.0866070430294523,19.0,0.019082011022947796,15.339368266542923,1.5,0.30374999999999996
138017750,1608.01,0,FP,2.4727494,18,tess2019306063752-s0018-0000000138017750-0162-s,27599909,data\raw\ml\mastDownload\TESS\tess2019306063752-s0018-0000000138017750-0162-s\tess2019306063752-s0018-0000000138017750-0162-s_lc.fits,success,1.2453999999999945,0.004105830582047609,1.4666789673392486,45.0,0.0007691824772089777,5.337914868973418,1.0,,81.36919102759336,8.0,-0.06874999999999998
238597883,1004.01,0,FP,3.5730141,34,tess2021014023720-s0034-0000000238597883-0204-s,28288700,data\raw\ml\mastDownload\TESS\tess2021014023720-s0034-0000000238597883-0204-s\tess2021014023720-s0034-0000000238597883-0204-s_lc.fits,success,3.575999999999998,,,,,,0.0,,17.24836552377982,3.0,-0.345
422881018,3623.01,1,PC,5.7456862,57,tess2022273165103-s0057-0000000422881018-0245-s,101308450,data\raw\ml\mastDownload\TESS\tess2022273165103-s0057-0000000422881018-0245-s\tess2022273165103-s0057-0000000422881018-0245-s_lc.fits,success,5.745200000000121,0.03016995363850339,4.333451216061803,131.0,0.007654901504404004,3.941259547382297,3.0,0.020647154234724432,21.862912078068643,3.0,0.34125000000000005
359496368,1178.01,0,FP,2.6652007,14,tess2019198215352-s0014-0000000359496368-0150-s,27436903,data\raw\ml\mastDownload\TESS\tess2019198215352-s0014-0000000359496368-0150-s\tess2019198215352-s0014-0000000359496368-0150-s_lc.fits,success,13.243199999999886,,,,,,0.0,,10.951563578993076,8.0,-0.485
76197937,2172.01,0,FA,1.78252,40,tess2021175071901-s0040-0000000076197937-0211-s,62348282,data\raw\ml\mastDownload\TESS\tess2021175071901-s0040-0000000076197937-0211-s\tess2021175071901-s0040-0000000076197937-0211-s_lc.fits,success,9.448599999999917,0.006816559985337478,1.6333284785832802,50.0,0.001925309879481872,3.5405001854412705,1.0,,10.674838204803432,5.0,-0.48625
166190643,5942.01,0,FP,1.6540508,75,tess2024030031500-s0075-0000000166190643-0270-s,212749384,data\raw\ml\mastDownload\TESS\tess2024030031500-s0075-0000000166190643-0270-s\tess2024030031500-s0075-0000000166190643-0270-s_lc.fits,success,1.6539999999999961,0.011885047788866343,3.799888487737917,115.0,0.003983536995982188,2.983541460981447,5.0,0.023163784783396518,27.117829785357415,2.0,0.06000000000000005
130611752,2760.01,0,FP,0.4405893,61,tess2023018032328-s0061-0000000130611752-0250-s,117951465,data\raw\ml\mastDownload\TESS\tess2023018032328-s0061-0000000130611752-0250-s\tess2023018032328-s0061-0000000130611752-0250-s_lc.fits,success,11.766599999999924,0.011720735019665529,3.9666398044864764,120.0,0.004929969148815524,2.3774459161639085,1.0,,12.067887267136635,7.5,-0.48625
232967440,1173.01,1,CP,7.0643978,14,tess2019198215352-s0014-0000000232967440-0150-s,27442556,data\raw\ml\mastDownload\TESS\tess2019198215352-s0014-0000000232967440-0150-s\tess2019198215352-s0014-0000000232967440-0150-s_lc.fits,success,7.065400000000123,0.0098745059655162,2.3333272368945472,71.0,0.0012073717664824771,8.178513229843288,4.0,0.0011986823435263308,84.1960447739912,2.0,0.25875000000000004
297967252,1025.01,0,FP,9.6837908,9,tess2019058134432-s0009-0000000297967252-0139-s,62903242,data\raw\ml\mastDownload\TESS\tess2019058134432-s0009-0000000297967252-0139-s\tess2019058134432-s0009-0000000297967252-0139-s_lc.fits,success,9.68039999999989,0.004740381902212376,1.1666839737572445,36.0,0.0003316299967901815,14.294189150843195,3.0,0.002209880735541115,124.7974551442362,1.5,-0.36875
278668358,5272.01,1,PC,5.0135727,56,tess2022244194134-s0056-0000000278668358-0243-s,97938712,data\raw\ml\mastDownload\TESS\tess2022244194134-s0056-0000000278668358-0243-s\tess2022244194134-s0056-0000000278668358-0243-s_lc.fits,success,5.011800000000092,0.023445319609318616,5.133301601839776,155.0,0.00557652551686366,4.204288053272406,5.0,0.022383853561932194,16.54752368632767,3.5,0.03749999999999998
322862882,3205.01,0,FP,1.2361087,91,tess2025099153000-s0091-0000000322862882-0288-s,266983294,data\raw\ml\mastDownload\TESS\tess2025099153000-s0091-0000000322862882-0288-s\tess2025099153000-s0091-0000000322862882-0288-s_lc.fits,success,1.2357999999999956,0.03370704185415452,3.766760827274993,114.0,0.010523136965479305,3.2031362857605115,7.0,0.016216733211218602,33.99901012361091,1.0,0.11375000000000002
229770036,1348.01,0,FP,2.1403498,14,tess2019198215352-s0014-0000000229770036-0150-s,27444514,data\raw\ml\mastDownload\TESS\tess2019198215352-s0014-0000000229770036-0150-s\tess2019198215352-s0014-0000000229770036-0150-s_lc.fits,success,3.855799999999998,,,,,,0.0,,5.875465166861167,3.0,-0.20625
403693875,528.01,0,FP,3.5248693,6,tess2018349182500-s0006-0000000403693875-0126-s,62263393,data\raw\ml\mastDownload\TESS\tess2018349182500-s0006-0000000403693875-0126-s\tess2018349182500-s0006-0000000403693875-0126-s_lc.fits,success,3.524799999999997,0.04414775515997438,3.766726910995203,114.0,0.010873990131035542,4.059940705111725,4.0,0.015464309179720885,39.52766551990469,2.5,-0.09499999999999997
470169396,4024.01,1,PC,6.3262148,52,tess2022138205153-s0052-0000000470169396-0224-s,87656907,data\raw\ml\mastDownload\TESS\tess2022138205153-s0052-0000000470169396-0224-s\tess2022138205153-s0052-0000000470169396-0224-s_lc.fits,success,6.325600000000123,0.02687747940317109,5.7333195913051895,173.0,0.00747846511052074,3.5939833917737642,3.0,0.016131238974161938,14.45195456665424,5.5,-0.365
95129101,1704.01,0,FP,3.929983,44,tess2021284114741-s0044-0000000095129101-0215-s,68726456,data\raw\ml\mastDownload\TESS\tess2021284114741-s0044-0000000095129101-0215-s\tess2021284114741-s0044-0000000095129101-0215-s_lc.fits,success,3.930199999999999,,,,,,0.0,,18.981320689311904,2.0,-0.43
89535068,1983.01,0,FP,6.1110945,35,tess2021039152502-s0035-0000000089535068-0205-s,60673048,data\raw\ml\mastDownload\TESS\tess2021039152502-s0035-0000000089535068-0205-s\tess2021039152502-s0035-0000000089535068-0205-s_lc.fits,success,11.143599999999884,,,,,,0.0,,10.607718861186157,6.0,-0.33875
30312676,817.01,0,FP,1.10223,1,tess2018206045859-s0001-0000000030312676-0120-s,60833035,data\raw\ml\mastDownload\TESS\tess2018206045859-s0001-0000000030312676-0120-s\tess2018206045859-s0001-0000000030312676-0120-s_lc.fits,success,13.95999999999994,0.00867366425079108,7.200006697559729,215.0,0.0018122465864044625,4.786139102626107,1.0,,32.33912522137906,6.5,0.485
89876424,3526.01,0,FP,1.5378739,55,tess2022217014003-s0055-0000000089876424-0242-s,93770351,data\raw\ml\mastDownload\TESS\tess2022217014003-s0055-0000000089876424-0242-s\tess2022217014003-s0055-0000000089876424-0242-s_lc.fits,success,1.5381999999999956,0.061589359238045094,6.933203738793964,209.0,0.020027890935912455,3.07517948021216,23.0,0.03983735156188117,12.592372623566343,2.0,-0.3725
95574586,5847.01,1,PC,2.5641981,81,tess2024196212429-s0081-0000000095574586-0276-s,229886275,data\raw\ml\mastDownload\TESS\tess2024196212429-s0081-0000000095574586-0276-s\tess2024196212429-s0081-0000000095574586-0276-s_lc.fits,success,2.565199999999996,0.011144600177317998,4.066570150171174,123.0,0.003731640857128786,2.986514673840537,3.0,0.0077394447372615876,28.47990674532545,4.0,0.25749999999999995
272840455,7457.01,1,KP,6.8733768,41,tess2021204101404-s0041-0000000272840455-0212-s,62803431,data\raw\ml\mastDownload\TESS\tess2021204101404-s0041-0000000272840455-0212-s\tess2021204101404-s0041-0000000272840455-0212-s_lc.fits,success,5.481000000000112,0.048245307516293745,7.133316275947436,215.0,0.01966205549207592,2.4537265463286517,8.0,0.040046816101283716,5.348787310014576,0.5,0.46499999999999997
210873792,900.01,1,PC,4.8495236,12,tess2019140104343-s0012-0000000210873792-0144-s,65180578,data\raw\ml\mastDownload\TESS\tess2019140104343-s0012-0000000210873792-0144-s\tess2019140104343-s0012-0000000210873792-0144-s_lc.fits,success,12.09559999999995,0.011142501017015638,3.9998948772663425,121.0,0.003370727194182172,3.3056668116741807,1.0,,12.611342722962076,6.5,-0.4937499999999999
317507345,1615.01,0,FP,3.9401791,18,tess2019306063752-s0018-0000000317507345-0162-s,27604775,data\raw\ml\mastDownload\TESS\tess2019306063752-s0018-0000000317507345-0162-s\tess2019306063752-s0018-0000000317507345-0162-s_lc.fits,success,3.938999999999998,0.017650557161854263,1.7666902065720933,54.0,0.0010174221827442512,17.348311705025086,5.0,0.002069842339416546,178.11191783087796,1.5,-0.4575
239332587,4481.01,1,CP,0.9263237,41,tess2021204101404-s0041-0000000239332587-0212-s,62801799,data\raw\ml\mastDownload\TESS\tess2021204101404-s0041-0000000239332587-0212-s\tess2021204101404-s0041-0000000239332587-0212-s_lc.fits,success,2.7793999999999968,,,,,,0.0,,21.86143683918358,1.0,-0.29500000000000004
71459120,5849.01,1,PC,3.9964264,81,tess2024196212429-s0081-0000000071459120-0276-s,229885897,data\raw\ml\mastDownload\TESS\tess2024196212429-s0081-0000000071459120-0276-s\tess2024196212429-s0081-0000000071459120-0276-s_lc.fits,success,3.9971999999999985,0.017228937987230353,2.166637826754595,66.0,0.002173712481205085,7.926042720092769,6.0,0.0017305156868909395,88.70389387528724,1.5,-0.0050000000000000044
101520163,5129.01,1,PC,7.4121119,44,tess2021284114741-s0044-0000000101520163-0215-s,68727009,data\raw\ml\mastDownload\TESS\tess2021284114741-s0044-0000000101520163-0215-s\tess2021284114741-s0044-0000000101520163-0215-s_lc.fits,success,9.615199999999902,,,,,,0.0,,5.921426328299216,1.5,0.07374999999999998
101929303,1171.01,0,FP,11.1876137,74,tess2024003055635-s0074-0000000101929303-0269-s,212264797,data\raw\ml\mastDownload\TESS\tess2024003055635-s0074-0000000101929303-0269-s\tess2024003055635-s0074-0000000101929303-0269-s_lc.fits,success,11.1773999999999,0.006695498303402547,1.266644028306473,39.0,0.001554077382900195,4.308342928784867,1.0,,18.670172231072133,2.5,-0.2975
250386181,390.01,0,FP,1.470258,4,tess2018292075959-s0004-0000000250386181-0124-s,61068455,data\raw\ml\mastDownload\TESS\tess2018292075959-s0004-0000000250386181-0124-s\tess2018292075959-s0004-0000000250386181-0124-s_lc.fits,success,2.9411999999999967,,,,,,0.0,,27.874771334028143,1.0,-0.0025000000000000022
60074373,4817.01,0,FP,3.190373,88,tess2025014115807-s0088-0000000060074373-0285-s,245360610,data\raw\ml\mastDownload\TESS\tess2025014115807-s0088-0000000060074373-0285-s\tess2025014115807-s0088-0000000060074373-0285-s_lc.fits,success,3.190199999999998,0.0750346338477399,9.83322044623128,296.0,0.02492278634592874,3.0106839903956875,19.0,0.0605469724731863,20.58093490286325,2.5,0.44125000000000003
20178111,467.01,0,FP,1.734422,6,tess2018349182500-s0006-0000000020178111-0126-s,62244565,data\raw\ml\mastDownload\TESS\tess2018349182500-s0006-0000000020178111-0126-s\tess2018349182500-s0006-0000000020178111-0126-s_lc.fits,success,1.7337999999999962,0.004506957454586069,1.0999861236723518,34.0,0.0013314584554904648,3.3849779059954646,1.0,,25.157613039124396,1.5,-0.2975
160476088,4948.01,0,FP,0.4722347,65,tess2023124020739-s0065-0000000160476088-0259-s,151525671,data\raw\ml\mastDownload\TESS\tess2023124020739-s0065-0000000160476088-0259-s\tess2023124020739-s0065-0000000160476088-0259-s_lc.fits,success,0.9445999999999943,0.024023080602736058,3.5666302762328996,98.0,0.010071436384654117,2.3852685640094107,16.0,0.018028935772319267,14.009933118054912,1.0,-0.35
177115354,1226.01,1,PC,3.9287851,5,tess2018319095959-s0005-0000000177115354-0125-s,61540987,data\raw\ml\mastDownload\TESS\tess2018319095959-s0005-0000000177115354-0125-s\tess2018319095959-s0005-0000000177115354-0125-s_lc.fits,success,1.3381999999999954,0.0060523947981274695,0.7333343753416557,23.0,0.002302472035508316,2.6286507305142073,1.0,,5.16408350356345,2.0,0.15125
202468443,5268.01,0,FP,2.0685871,75,tess2024030031500-s0075-0000000202468443-0270-s,212750293,data\raw\ml\mastDownload\TESS\tess2024030031500-s0075-0000000202468443-0270-s\tess2024030031500-s0075-0000000202468443-0270-s_lc.fits,success,13.999799999999896,0.06964001476337278,5.300102913301089,160.0,0.02249283633607079,3.096097518466095,1.0,,17.726663023312405,4.0,-0.42625
231076038,2618.01,0,FP,8.2500143,61,tess2023018032328-s0061-0000000231076038-0250-s,117954664,data\raw\ml\mastDownload\TESS\tess2023018032328-s0061-0000000231076038-0250-s\tess2023018032328-s0061-0000000231076038-0250-s_lc.fits,success,11.723599999999884,0.010909120301533792,2.6999802729660587,82.0,0.0028505624518847267,3.827006243740049,2.0,0.008766185154854611,12.763839875245722,7.5,-0.49124999999999996
366248595,3184.01,1,PC,3.6071588,102,tess2026086090000-s0102-0000000366248595-0304-s,395671780,data\raw\ml\mastDownload\TESS\tess2026086090000-s0102-0000000366248595-0304-s\tess2026086090000-s0102-0000000366248595-0304-s_lc.fits,success,3.6079999999999965,0.015488469053844822,4.500191041122889,136.0,0.005277844587975466,2.9346201457186254,3.0,0.027216194971177925,28.874027710077744,4.0,0.24
407394748,1623.01,0,FP,0.7522775,52,tess2022138205153-s0052-0000000407394748-0224-s,87655040,data\raw\ml\mastDownload\TESS\tess2022138205153-s0052-0000000407394748-0224-s\tess2022138205153-s0052-0000000407394748-0224-s_lc.fits,success,2.2573999999999965,,,,,,0.0,,20.45151657709083,1.0,-0.29874999999999996
12036590,2598.01,0,FP,5.73436,87,tess2024353092137-s0087-0000000012036590-0284-s,238527527,data\raw\ml\mastDownload\TESS\tess2024353092137-s0087-0000000012036590-0284-s\tess2024353092137-s0087-0000000012036590-0284-s_lc.fits,success,12.070399999999868,0.11572514751218055,9.433283050639147,284.0,0.03483153136606496,3.3224249113815065,1.0,,30.302686634694883,8.0,0.45625000000000004
