toi,tid,tfopwg_disp,label,pl_orbper,pl_trandep,pl_trandurh,sequence_number,obs_id,obsid,t_min,t_max,t_exptime,dataRights
2664.01,277871306,FP,0,3.9602774,6193.0,0.884,35,tess2021039152502-s0035-0000000277871306-0205-s,60671830,59254.92146952546,59279.4842084375,120.0,PUBLIC
6172.01,26583436,FP,0,6.1432609,3620.7247879,5.2813474,74,tess2024003055635-s0074-0000000026583436-0269-s,212263376,60312.361106979166,60339.066351712965,120.0,PUBLIC
2341.01,100267480,FP,0,0.87741,12050.0,0.472,67,tess2023181235917-s0067-0000000100267480-0261-s,170997408,60126.14537754629,60153.892709976855,120.0,PUBLIC
5720.01,230055368,CP,1,1.4344602,1028.2187852,0.9348877,22,tess2020049080258-s0022-0000000230055368-0174-s,27325626,58898.827085462966,58925.99781458333,120.0,PUBLIC
654.01,35009898,CP,1,1.5275639,2892.4227936,1.3727055,9,tess2019058134432-s0009-0000000035009898-0139-s,62892296,58543.11081329861,58567.980113275466,120.0,PUBLIC
5098.01,14770122,KP,1,3.5438732,10892.9403038,4.2332052,44,tess2021284114741-s0044-0000000014770122-0215-s,68720624,59499.693420891206,59523.94161376158,120.0,PUBLIC
4104.01,235664497,PC,1,2.3757662,7500.0,3.323,53,tess2022164095748-s0053-0000000235664497-0226-s,87753500,59743.499068495374,59768.48257430556,120.0,PUBLIC
1182.01,341544930,FP,0,7.6416041,6025.0,2.654,41,tess2021204101404-s0041-0000000341544930-0212-s,62805909,59419.485933599535,59446.07589230324,120.0,PUBLIC
1478.01,409794137,CP,1,10.1802014,11500.0,4.613,34,tess2021014023720-s0034-0000000409794137-0204-s,28300853,59228.270689641206,59253.56952951389,120.0,PUBLIC
6384.01,16550540,PC,1,2.4810218,24673.0,1.541,73,tess2023341045131-s0073-0000000016550540-0268-s,206171447,60285.30240435185,60312.15429087963,120.0,PUBLIC
6623.01,207937389,PC,1,3.1791661,16245.0,2.844,99,tess2026005125623-s0099-0000000207937389-0300-s,378414789,61045.61102340278,61073.27681452546,120.0,PUBLIC
4883.01,446463666,PC,1,4.4967355,6290.0,4.218,63,tess2023069172124-s0063-0000000446463666-0255-s,127099578,60013.8703650463,60040.40241305556,120.0,PUBLIC
1592.01,186599508,FP,0,5.6318074,1186.1481873,3.4553092,18,tess2019306063752-s0018-0000000186599508-0162-s,27586481,58790.16035579861,58814.51453875,120.0,PUBLIC
5981.01,120045750,PC,1,7.0142458,1867.3179922,2.6555328,41,tess2021204101404-s0041-0000000120045750-0212-s,62792236,59419.49097039352,59446.08077998843,120.0,PUBLIC
879.01,37084932,FP,0,6.58454,5500.94,3.395,33,tess2020351194500-s0033-0000000037084932-0203-s,28221823,59201.23633595,59227.07657749,120.0,PUBLIC
7463.01,274198407,KP,1,4.662632,1943.3492565,2.8167212,41,tess2021204101404-s0041-0000000274198407-0212-s,62803705,59419.49050335648,59446.08089096065,120.0,PUBLIC
1637.01,286355915,FP,0,4.076684,10459.727229,4.4132181,18,tess2019306063752-s0018-0000000286355915-0162-s,27589215,58790.16056175926,58814.51861469908,120.0,PUBLIC
1552.01,326919774,FP,0,7.57193,420.0,2.656,17,tess2019279210107-s0017-0000000326919774-0161-s,27546880,58764.18727537037,58789.19881267361,120.0,PUBLIC
2279.01,115623434,PC,1,3.1434463,803.0,1.501,24,tess2020106103520-s0024-0000000115623434-0180-s,27390998,58955.29577293,58981.78227314,120.0,PUBLIC
2741.01,283303192,PC,1,2.9884191,12890.0,3.575,87,tess2024353092137-s0087-0000000283303192-0284-s,238537248,60662.5573828125,60688.92425341435,120.0,PUBLIC
3504.01,117689799,FP,0,2.1570462,17928.3672773,2.3436622,54,tess2022190063128-s0054-0000000117689799-0227-s,91545433,59769.40165155093,59795.63252600694,120.0,PUBLIC
1712.01,67926921,FP,0,3.566276,3870.0,4.197,47,tess2021364111932-s0047-0000000067926921-0218-s,71652360,59579.3193977662,59606.44463118056,120.0,PUBLIC
6197.01,196261799,PC,1,3.7294859,7112.0,3.315,84,tess2024274222008-s0084-0000000196261799-0281-s,233388580,60584.0929372338,60609.84467388889,120.0,PUBLIC
4748.01,59770954,PC,1,4.1018859,10690.0,3.576,71,tess2023289093419-s0071-0000000059770954-0266-s,197689117,60233.53898361111,60259.45514554398,120.0,PUBLIC
441.01,316916655,FP,0,2.87436,2490.41,1.901,5,tess2018319095959-s0005-0000000316916655-0125-s,61541277,58437.49165773148,58463.70292590278,120.0,PUBLIC
1741.01,198206613,PC,1,10.9406641,440.0,2.175,14,tess2019198215352-s0014-0000000198206613-0150-s,27431105,58682.85208336805,58709.70307390046,120.0,PUBLIC
3734.01,105135774,PC,1,2.141186,10052.7515924,2.7636092,59,tess2022330142927-s0059-0000000105135774-0248-s,113384444,59909.77039795139,59936.191405763886,120.0,PUBLIC
2902.01,290302097,FP,0,2.9918201,3410.0,2.231,62,tess2023043185947-s0062-0000000290302097-0254-s,124160239,59987.940630335645,60013.65361763889,120.0,PUBLIC
6580.01,170627138,PC,1,10.9600975,4111.0,6.171,90,tess2025071122000-s0090-0000000170627138-0287-s,262860952,60746.66254387731,60774.5811790625,120.0,PUBLIC
1572.01,292321872,FP,0,8.66698,9854.3,6.104,18,tess2019306063752-s0018-0000000292321872-0162-s,27585587,58790.16008612268,58814.518152743054,120.0,PUBLIC
3076.01,447593267,PC,1,7.8595931,18530.0,1.902,63,tess2023069172124-s0063-0000000447593267-0255-s,127099624,60013.870095555554,60040.402271099534,120.0,PUBLIC
2635.01,358557578,PC,1,7.4547813,2508.5862836,7.1681685,36,tess2021065132309-s0036-0000000358557578-0207-s,60756629,59280.40583737269,59305.491854976855,120.0,PUBLIC
2058.01,326732851,FP,0,1.51567,750.0,2.281,77,tess2024085201119-s0077-0000000326732851-0272-s,216504066,60394.98212616898,60423.04502976852,120.0,PUBLIC
2384.01,382602147,CP,1,2.1357026,29272.618489,1.9116457,28,tess2020212050318-s0028-0000000382602147-0190-s,27822137,59061.35130084,59086.5987838,120.0,PUBLIC
3781.01,470974162,FP,0,3.2583798,4800.0,2.196,47,tess2021364111932-s0047-0000000470974162-0218-s,71670525,59579.32091688657,59606.44417510417,120.0,PUBLIC
3958.01,279383896,PC,1,12.0031646,5497.3001958,5.2145528,57,tess2022273165103-s0057-0000000279383896-0245-s,101304048,59852.8560078125,59881.61736122685,120.0,PUBLIC
1542.01,367607434,FA,0,8.2916,470.0,3.361,16,tess2019253231442-s0016-0000000367607434-0152-s,27507883,58738.15465384259,58762.823041296295,120.0,PUBLIC
2283.01,198211976,FA,0,0.4018586,111.3648011,1.5779753,14,tess2019198215352-s0014-0000000198211976-0150-s,27443843,58682.852123460645,58709.70312799769,120.0,PUBLIC
3411.01,150424946,PC,1,7.0628019,13490.0,4.385,61,tess2023018032328-s0061-0000000150424946-0250-s,117953218,59962.30095103009,59987.721778796295,120.0,PUBLIC
7705.01,70514245,PC,1,4.0477821,20129.9319902,2.0598956,97,tess2025258001959-s0097-0000000070514245-0294-s,365498673,60933.1630871875,60987.78770356481,120.0,PUBLIC
2960.01,462072242,PC,1,2.0916623,5500.0,3.274,63,tess2023069172124-s0063-0000000462072242-0255-s,127100318,60013.869939097225,60040.401975023145,120.0,PUBLIC
4211.01,385654601,PC,1,2.2715616,8190.0,2.741,87,tess2024353092137-s0087-0000000385654601-0284-s,238540594,60662.54406237268,60689.44182292824,120.0,PUBLIC
2946.01,302798365,PC,1,4.9186433,19840.0,1.849,63,tess2023069172124-s0063-0000000302798365-0255-s,127094649,60013.868251921296,60040.40059880787,120.0,PUBLIC
1304.01,186000935,FP,0,8.8735214,1949.0,4.059,41,tess2021204101404-s0041-0000000186000935-0212-s,62797079,59419.49073034722,59446.08121885417,120.0,PUBLIC
4729.01,52738649,PC,1,6.9279673,6830.0,1.868,87,tess2024353092137-s0087-0000000052738649-0284-s,238529389,60662.55742450232,60688.90741094908,120.0,PUBLIC
6405.01,142908390,PC,1,6.7392054,5180.0,0.839,88,tess2025014115807-s0088-0000000142908390-0285-s,245362915,60689.65529326389,60717.427457314814,120.0,PUBLIC
4048.01,279605855,FP,0,1.972401,7460.0,2.435,52,tess2022138205153-s0052-0000000279605855-0224-s,87648996,59718.13139521991,59742.57348491898,120.0,PUBLIC
3197.01,331160996,PC,1,2.1972485,30680.0,2.348,65,tess2023124020739-s0065-0000000331160996-0259-s,151535489,60068.24192078703,60096.1321803125,120.0,PUBLIC
3181.01,372596796,FP,0,3.5366743,13180.0,2.697,90,tess2025071122000-s0090-0000000372596796-0287-s,262866775,60746.65978501157,60774.578278009256,120.0,PUBLIC
6739.01,91324328,PC,1,4.6588405,12845.0,1.429,93,tess2025154050500-s0093-0000000091324328-0290-s,300577166,60829.37683273148,60854.77867412037,120.0,PUBLIC
6034.01,388076422,CP,1,2.5761796,49904.2528728,1.5879379,56,tess2022244194134-s0056-0000000388076422-0243-s,97941728,59824.757267256944,59852.63966179398,120.0,PUBLIC
5113.01,2685481,PC,1,4.136488,462.0,2.551,59,tess2022330142927-s0059-0000000002685481-0248-s,113382380,59909.78084585648,59936.19211905093,120.0,PUBLIC
2464.01,32949762,KP,1,3.7684981,19800.0,2.727,32,tess2020324010417-s0032-0000000032949762-0200-s,28147033,59173.7303984,59199.72245593,120.0,PUBLIC
7410.01,352107384,PC,1,3.5043637,1877.0,0.536,57,tess2022273165103-s0057-0000000352107384-0245-s,101306081,59852.85816800926,59881.61884415509,120.0,PUBLIC
3422.01,286099128,KP,1,3.7788779,17654.0731284,3.1290228,61,tess2023018032328-s0061-0000000286099128-0250-s,117957148,59962.30276262732,59987.71716537037,120.0,PUBLIC
3220.01,304950588,FP,0,7.4316274,13740.0,3.868,64,tess2023096110322-s0064-0000000304950588-0257-s,139098373,60040.61617638889,60067.53438901621,120.0,PUBLIC
1063.01,406976746,PC,1,10.0665517,862.6763733,2.0209131,12,tess2019140104343-s0012-0000000406976746-0144-s,65192280,58624.46201578704,58652.39413805556,120.0,PUBLIC
1344.01,1400770435,FP,0,13.7432169,5046.0,2.73,14,tess2019198215352-s0014-0000001400770435-0150-s,27440949,58682.853245625,58709.70422896991,120.0,PUBLIC
3597.01,267650535,KP,1,4.0088245,21483.7462243,2.7370959,57,tess2022273165103-s0057-0000000267650535-0245-s,101303605,59852.85814321759,59881.61927974537,120.0,PUBLIC
999.01,341186896,FP,0,1.5078959,1839.0,2.759,27,tess2020186164531-s0027-0000000341186896-0189-s,27807055,59035.77643206,59060.13569019,120.0,PUBLIC
5446.01,84788795,FP,0,4.4977307,5324.061552,3.2573447,71,tess2023289093419-s0071-0000000084788795-0266-s,197691333,60233.55331190972,60259.427741597225,120.0,PUBLIC
673.01,151959065,FP,0,10.5426254,16789.8076116,6.2145259,9,tess2019058134432-s0009-0000000151959065-0139-s,62897958,58543.09959219908,58567.97927932871,120.0,PUBLIC
6196.01,330944099,FP,0,3.6119975,11983.0,4.013,76,tess2024058030222-s0076-0000000330944099-0271-s,214433212,60367.19523943287,60394.273844525465,120.0,PUBLIC
4927.01,376421071,PC,1,0.8166936,2890.0,1.234,64,tess2023096110322-s0064-0000000376421071-0257-s,139102347,60040.61527505787,60067.53330753472,120.0,PUBLIC
1608.01,138017750,FP,0,2.4727494,2960.9440076,2.4130698,18,tess2019306063752-s0018-0000000138017750-0162-s,27599909,58790.16049121528,58814.51896099537,120.0,PUBLIC
1004.01,238597883,FP,0,3.5730141,755.0,3.37,34,tess2021014023720-s0034-0000000238597883-0204-s,28288700,59228.266605150464,59253.56699047454,120.0,PUBLIC
3623.01,422881018,PC,1,5.7456862,9441.0,3.339,57,tess2022273165103-s0057-0000000422881018-0245-s,101308450,59852.85775457176,59881.61924655092,120.0,PUBLIC
1178.01,359496368,FP,0,2.6652007,819.0,3.49,14,tess2019198215352-s0014-0000000359496368-0150-s,27436903,58682.85363516204,58709.70488694445,120.0,PUBLIC
2172.01,76197937,FA,0,1.78252,1920.0,2.729,40,tess2021175071901-s0040-0000000076197937-0211-s,62348282,59390.154943761576,59418.356069421294,120.0,PUBLIC
5942.01,166190643,FP,0,1.6540508,4520.6341805,2.9408152,75,tess2024030031500-s0075-0000000166190643-0270-s,212749384,60339.28044773148,60366.978611122686,120.0,PUBLIC
2760.01,130611752,FP,0,0.4405893,1850.0,1.075,61,tess2023018032328-s0061-0000000130611752-0250-s,117951465,59962.30004738426,59987.72203950232,120.0,PUBLIC
1173.01,232967440,CP,1,7.0643978,8268.0,2.424,14,tess2019198215352-s0014-0000000232967440-0150-s,27442556,58682.85013650463,58709.70134251157,120.0,PUBLIC
1025.01,297967252,FP,0,9.6837908,4965.2496516,1.6988586,9,tess2019058134432-s0009-0000000297967252-0139-s,62903242,58542.73852716435,58567.97750927084,120.0,PUBLIC
5272.01,278668358,PC,1,5.0135727,3520.0,4.396,56,tess2022244194134-s0056-0000000278668358-0243-s,97938712,59824.75866334491,59852.64020064815,120.0,PUBLIC
3205.01,322862882,FP,0,1.2361087,19760.0,1.139,91,tess2025099153000-s0091-0000000322862882-0288-s,266983294,60774.79516728009,60802.25818482639,120.0,PUBLIC
1348.01,229770036,FP,0,2.1403498,435.3645005,2.7414132,14,tess2019198215352-s0014-0000000229770036-0150-s,27444514,58682.852162951385,58709.70381140046,120.0,PUBLIC
528.01,403693875,FP,0,3.5248693,24987.7992456,3.1475424,6,tess2018349182500-s0006-0000000403693875-0126-s,62263393,58467.7743959838,58489.54976016204,120.0,PUBLIC
4024.01,470169396,PC,1,6.3262148,4928.0,5.353,52,tess2022138205153-s0052-0000000470169396-0224-s,87656907,59718.13177759259,59742.57358028936,120.0,PUBLIC
1704.01,95129101,FP,0,3.929983,2270.0,2.153,44,tess2021284114741-s0044-0000000095129101-0215-s,68726456,59499.69487363426,59523.9416628125,120.0,PUBLIC
1983.01,89535068,FP,0,6.1110945,1098.152672,4.2566318,35,tess2021039152502-s0035-0000000089535068-0205-s,60673048,59254.49551006944,59279.48046471065,120.0,PUBLIC
817.01,30312676,FP,0,1.10223,1015.0,2.598,1,tess2018206045859-s0001-0000000030312676-0120-s,60833035,58324.79323762732,58352.67674243056,120.0,PUBLIC
3526.01,89876424,FP,0,1.5378739,8588.6814116,3.449989,55,tess2022217014003-s0055-0000000089876424-0242-s,93770351,59796.60266075232,59823.76623634259,120.0,PUBLIC
5847.01,95574586,PC,1,2.5641981,2840.0,4.469,81,tess2024196212429-s0081-0000000095574586-0276-s,229886275,60506.05646934028,60532.68115709491,120.0,PUBLIC
7457.01,272840455,KP,1,6.8733768,3501.1631364,6.5660399,41,tess2021204101404-s0041-0000000272840455-0212-s,62803431,59419.49042391204,59446.08077638889,120.0,PUBLIC
900.01,210873792,PC,1,4.8495236,1558.4108001,3.060243,12,tess2019140104343-s0012-0000000210873792-0144-s,65180578,58624.459470625,58652.39679917824,120.0,PUBLIC
1615.01,317507345,FP,0,3.9401791,13317.0,1.991,18,tess2019306063752-s0018-0000000317507345-0162-s,27604775,58790.15740929399,58814.517227199074,120.0,PUBLIC
4481.01,239332587,CP,1,0.9263237,952.0,0.81,41,tess2021204101404-s0041-0000000239332587-0212-s,62801799,59419.490676458336,59446.08141584491,120.0,PUBLIC
5849.01,71459120,PC,1,3.9964264,12340.0,1.722,81,tess2024196212429-s0081-0000000071459120-0276-s,229885897,60506.05682159722,60532.68170502315,120.0,PUBLIC
5129.01,101520163,PC,1,7.4121119,979.0,1.78,44,tess2021284114741-s0044-0000000101520163-0215-s,68727009,59499.69759363426,59523.94283076389,120.0,PUBLIC
1171.01,101929303,FP,0,11.1876137,4924.0,3.183,74,tess2024003055635-s0074-0000000101929303-0269-s,212264797,60312.36002233796,60339.06508792824,120.0,PUBLIC
390.01,250386181,FP,0,1.470258,2700.0,1.126,4,tess2018292075959-s0004-0000000250386181-0124-s,61068455,58410.40528890046,58436.338034189816,120.0,PUBLIC
4817.01,60074373,FP,0,3.190373,42550.0,2.684,88,tess2025014115807-s0088-0000000060074373-0285-s,245360610,60689.65340613426,60717.42560075232,120.0,PUBLIC
467.01,20178111,FP,0,1.734422,1230.0,2.32,6,tess2018349182500-s0006-0000000020178111-0126-s,62244565,58467.77168829861,58489.54659106481,120.0,PUBLIC
4948.01,160476088,FP,0,0.4722347,3610.0,1.074,65,tess2023124020739-s0065-0000000160476088-0259-s,151525671,60068.24298126157,60096.1305275,120.0,PUBLIC
1226.01,177115354,PC,1,3.9287851,485.9762569,1.8165271,5,tess2018319095959-s0005-0000000177115354-0125-s,61540987,58437.488042094905,58463.64510552083,120.0,PUBLIC
5268.01,202468443,FP,0,2.0685871,38060.0,0.598,75,tess2024030031500-s0075-0000000202468443-0270-s,212750293,60339.28488965278,60366.98390792824,120.0,PUBLIC
2618.01,231076038,FP,0,8.2500143,2250.0,3.317,61,tess2023018032328-s0061-0000000231076038-0250-s,117954664,59962.29704075232,59987.716281203706,120.0,PUBLIC
3184.01,366248595,PC,1,3.6071588,4270.0,3.947,102,tess2026086090000-s0102-0000000366248595-0304-s,395671780,61126.533205810185,61151.21373873843,120.0,PUBLIC
1623.01,407394748,FP,0,0.7522775,1301.0,1.073,52,tess2022138205153-s0052-0000000407394748-0224-s,87655040,59718.13123517361,59742.573010092594,120.0,PUBLIC
2598.01,12036590,FP,0,5.73436,17740.0,1.146,87,tess2024353092137-s0087-0000000012036590-0284-s,238527527,60662.55756951389,60689.22940118056,120.0,PUBLIC
