toi,tid,tfopwg_disp,pl_orbper,pl_trandep,pl_trandurh,label
3849.01,147890655,PC,1.2220437,20110.0,1.871,1
4883.01,446463666,PC,4.4967355,6290.0,4.218,1
6869.01,28872266,PC,763.9701133,28404.0,3.659,1
3332.01,194179013,FP,3.1785277,20330.0,5.974,0
2664.01,277871306,FP,3.9602774,6193.0,0.884,0
6741.01,263203229,FP,5.0061978,6438.0,3.521,0
7410.01,352107384,PC,3.5043637,1877.0,0.536,1
441.01,316916655,FP,2.87436,2490.41,1.901,0
335.01,41865539,FP,1.26092,4825.94,2.718,0
7876.01,141485843,PC,23.5255541,4681.7606381,1.8307,1
7779.01,434620877,PC,2.8987252,6833.4713954,2.4583534,1
1332.01,387664868,FP,2.65688,1959.88,2.615,0
4634.01,17150865,FP,0.8706763,1861.0,1.007,0
2464.01,32949762,KP,3.7684981,19800.0,2.727,1
7905.01,13574905,FP,2.1983246,440.8203612,1.7690359,0
1312.01,405904232,FP,11.0765081,4741.301707,4.9421783,0
1718.01,257241363,PC,5.5870396,1907.0,2.745,1
1543.01,431585347,FP,5.13664,930.0,4.45,0
1431.01,375506058,CP,2.650232,6449.0,2.03,1
7049.01,337217173,PC,40.3833862,6555.0,2.345,1
1637.01,286355915,FP,4.076684,10459.727229,4.4132181,0
5981.01,120045750,PC,7.0142458,1867.3179922,2.6555328,1
4268.01,341272282,FP,0.8133123,310.0,1.079,0
4211.01,385654601,PC,2.2715616,8190.0,2.741,1
7593.01,238394308,PC,34.3299701,5505.910973,4.6826306,1
7281.01,198358065,PC,4.3095502,17371.0,0.224,1
2493.01,123664207,PC,,1704.3313705,2.0935301,1
5113.01,2685481,PC,4.136488,462.0,2.551,1
1608.01,138017750,FP,2.4727494,2960.9440076,2.4130698,0
3181.01,372596796,FP,3.5366743,13180.0,2.697,0
6762.01,360224870,PC,5.1778752,29835.0,1.718,1
4748.01,59770954,PC,4.1018859,10690.0,3.576,1
7457.01,272840455,KP,6.8733768,3501.1631364,6.5660399,1
6758.01,383313006,PC,12.6136992,2172.0,2.533,1
1328.01,330332501,FP,4.0157492,1150.0,2.706,0
1270.01,237200747,FP,14.3034613,48840.0,3.135,0
3983.01,20303110,FA,3.8961515,8620.0,1.742,0
2061.01,327577308,FP,1.45655,580.0,1.51,0
1567.01,259151170,FP,,54500.0,4.149,0
3819.01,95660472,CP,3.244299,5692.0048309,2.6887498,1
181.01,76923707,CP,4.5320502,7809.0577339,2.4927338,1
3205.01,322862882,FP,1.2361087,19760.0,1.139,0
3229.01,290263093,PC,5.21228,8950.0,3.863,1
3411.01,150424946,PC,7.0628019,13490.0,4.385,1
1004.01,238597883,FP,3.5730141,755.0,3.37,0
4314.01,459952217,FA,73.580982,347.4450365,2.1441598,0
6034.01,388076422,CP,2.5761796,49904.2528728,1.5879379,1
654.01,35009898,CP,1.5275639,2892.4227936,1.3727055,1
1552.01,326919774,FP,7.57193,420.0,2.656,0
7430.01,264193444,PC,21.4930896,1244.0,3.609,1
5446.01,84788795,FP,4.4977307,5324.061552,3.2573447,0
2058.01,326732851,FP,1.51567,750.0,2.281,0
5129.01,101520163,PC,7.4121119,979.0,1.78,1
3472.01,275562670,FP,1.5810556,33340.0,2.437,0
1110.01,446549905,FP,2.4545635,4248.0,2.321,0
1916.01,98545929,KP,1.888231,4358.3260875,3.6693894,1
2283.01,198211976,FA,0.4018586,111.3648011,1.5779753,0
5463.01,437786834,PC,1.100804,3509.2224564,1.4856033,1
3220.01,304950588,FP,7.4316274,13740.0,3.868,0
7132.01,404898080,PC,1.4716633,9168.0,1.23,1
4569.01,149126400,FP,1.2253159,6006.5175069,3.435758,0
7903.01,169176556,KP,8.0250116,3499.9191249,5.0411326,1
3184.01,366248595,PC,3.6071588,4270.0,3.947,1
6003.01,121731834,KP,5.8599392,289.4487735,4.0842391,1
6623.01,207937389,PC,3.1791661,16245.0,2.844,1
3781.01,470974162,FP,3.2583798,4800.0,2.196,0
2384.01,382602147,CP,2.1357026,29272.618489,1.9116457,1
1384.01,328167090,FP,0.7131492,450.0,2.428,0
7463.01,274198407,KP,4.662632,1943.3492565,2.8167212,1
1615.01,317507345,FP,3.9401791,13317.0,1.991,0
3076.01,447593267,PC,7.8595931,18530.0,1.902,1
1178.01,359496368,FP,2.6652007,819.0,3.49,0
5915.01,329709756,FP,12.5482879,49260.0,3.396,0
5098.01,14770122,KP,3.5438732,10892.9403038,4.2332052,1
1171.01,101929303,FP,11.1876137,4924.0,3.183,0
1983.01,89535068,FP,6.1110945,1098.152672,4.2566318,0
6005.01,123357864,KP,16.1455898,919.5336262,4.5431711,1
1572.01,292321872,FP,8.66698,9854.3,6.104,0
1134.01,122220263,FP,18.6922101,11126.0,7.765,0
3526.01,89876424,FP,1.5378739,8588.6814116,3.449989,0
6088.01,122375047,KP,9.2866733,713.8494352,3.2593808,1
3874.01,154105890,PC,5.5822739,7390.0,1.463,1
4024.01,470169396,PC,6.3262148,4928.0,5.353,1
701.01,219239945,FP,13.697384,1061.94658,4.783848,0
2618.01,231076038,FP,8.2500143,2250.0,3.317,0
4481.01,239332587,CP,0.9263237,952.0,0.81,1
6952.01,400466395,FP,5.1391542,6171.0,0.633,0
6384.01,16550540,PC,2.4810218,24673.0,1.541,1
3420.01,293978434,FP,1.5971426,2150.0,3.316,0
5849.01,71459120,PC,3.9964264,12340.0,1.722,1
2635.01,358557578,PC,7.4547813,2508.5862836,7.1681685,1
5456.01,87044036,FP,1.0711292,2030.0,2.213,0
4143.01,371711170,FP,9.8482192,1670.0,4.24,0
5805.01,378390325,PC,20.5676815,1112.0,5.523,1
1716.01,14336130,CP,8.082354,559.0,3.284,1
5268.01,202468443,FP,2.0685871,38060.0,0.598,0
1704.01,95129101,FP,3.929983,2270.0,2.153,0
3054.01,267712001,PC,2.8281656,22180.0,3.15,1
3931.01,421336001,PC,7.6644,8534.5638357,4.1888923,1
1592.01,186599508,FP,5.6318074,1186.1481873,3.4553092,0
4104.01,235664497,PC,2.3757662,7500.0,3.323,1
5847.01,95574586,PC,2.5641981,2840.0,4.469,1
3745.01,666567477,FP,1.6883103,7400.0,2.674,0
5942.01,166190643,FP,1.6540508,4520.6341805,2.9408152,0
467.01,20178111,FP,1.734422,1230.0,2.32,0
1791.01,233684293,FA,48.4808217,110.0,8.081,0
4657.01,434110695,PC,8.115667,1807.4400226,0.9600196,1
7027.01,164783371,PC,4.2885021,4402.0,1.427,1
4948.01,160476088,FP,0.4722347,3610.0,1.074,0
673.01,151959065,FP,10.5426254,16789.8076116,6.2145259,0
1623.01,407394748,FP,0.7522775,1301.0,1.073,0
4927.01,376421071,PC,0.8166936,2890.0,1.234,1
2680.01,219366908,FP,0.6293198,3730.0,1.129,0
1674.01,73104318,FP,7.45494,2280.0,3.465,0
4729.01,52738649,PC,6.9279673,6830.0,1.868,1
1795.01,135083444,FP,2.7917911,1018.9771433,1.4664254,0
3623.01,422881018,PC,5.7456862,9441.0,3.339,1
6405.01,142908390,PC,6.7392054,5180.0,0.839,1
2598.01,12036590,FP,5.73436,17740.0,1.146,0
2266.01,8348911,CP,2.326343,4153.6144436,1.2195051,1
3597.01,267650535,KP,4.0088245,21483.7462243,2.7370959,1
6764.01,148523092,FP,2.8562935,22525.0,3.785,0
1348.01,229770036,FP,2.1403498,435.3645005,2.7414132,0
1172.01,1717732429,FP,7.8513949,22029.0,6.835,0
7029.01,446166017,PC,1.9271521,58745.0,1.201,1
5943.01,63659057,PC,15.7866044,6960.0,6.116,1
1344.01,1400770435,FP,13.7432169,5046.0,2.73,0
2172.01,76197937,FA,1.78252,1920.0,2.729,0
900.01,210873792,PC,4.8495236,1558.4108001,3.060243,1
7775.01,354809215,PC,6.271354,3792.8383217,7.2154611,1
7252.01,289047954,FP,1.4207284,4092.0,1.988,0
1063.01,406976746,PC,10.0665517,862.6763733,2.0209131,1
2102.02,289590465,PC,,1474.5340825,3.3394704,1
2341.01,100267480,FP,0.87741,12050.0,0.472,0
3734.01,105135774,PC,2.141186,10052.7515924,2.7636092,1
1025.01,297967252,FP,9.6837908,4965.2496516,1.6988586,0
5305.01,408743161,PC,4.4632038,7210.0,3.659,1
7419.01,199296714,FP,1.3777496,2957.0,1.862,0
6739.01,91324328,PC,4.6588405,12845.0,1.429,1
528.01,403693875,FP,3.5248693,24987.7992456,3.1475424,0
1856.01,224313733,FP,197.0336254,11900.0,7.338,0
6172.01,26583436,FP,6.1432609,3620.7247879,5.2813474,0
1517.01,455962313,FP,2.25505,658.0,3.034,0
1896.01,174302697,PC,,2816.5224185,16.1046282,1
7895.01,349522456,PC,51.1148728,3350.350828,2.9460776,1
3958.01,279383896,PC,12.0031646,5497.3001958,5.2145528,1
6848.01,230982415,PC,7.5954765,45085.0,2.533,1
2760.01,130611752,FP,0.4405893,1850.0,1.075,0
1163.01,375542276,PC,3.0771612,4703.2844346,2.6914319,1
1478.01,409794137,CP,10.1802014,11500.0,4.613,1
1182.01,341544930,FP,7.6416041,6025.0,2.654,0
6084.01,294283951,FP,4.3722447,1815.211118,1.071344,0
5877.01,282890159,PC,6.9100016,4310.0,4.536,1
3354.01,260367888,PC,46.3810093,1108.3541952,6.1350191,1
6203.01,437756191,PC,25.1745344,2786.0,4.865,1
6197.01,196261799,PC,3.7294859,7112.0,3.315,1
2148.01,233569098,FP,23.48522,6020.0,3.546,0
5337.01,27294830,FP,0.7135221,4660.0,0.514,0
3197.01,331160996,PC,2.1972485,30680.0,2.348,1
1173.01,232967440,CP,7.0643978,8268.0,2.424,1
1315.01,137284119,FP,2.571698,1173.0,3.032,0
5212.01,424699834,FP,2.4011407,3193.9893038,3.6926411,0
590.01,270841724,FP,18.90372,24270.0,9.067,0
1566.01,256414077,FP,3.01106,1617.22,3.073,0
1741.01,198206613,PC,10.9406641,440.0,2.175,1
105.01,144065872,KP,2.1846669,11535.5475157,2.6989102,1
523.01,93125144,FA,9.91102,6044.13412,2.981681,0
555.01,170849515,CP,1.9416366,32945.1347849,1.9321358,1
4341.01,62301521,FA,18.4043334,9135.2110162,7.879331,0
2279.01,115623434,PC,3.1434463,803.0,1.501,1
7705.01,70514245,PC,4.0477821,20129.9319902,2.0598956,1
5720.01,230055368,CP,1.4344602,1028.2187852,0.9348877,1
2741.01,283303192,PC,2.9884191,12890.0,3.575,1
5272.01,278668358,PC,5.0135727,3520.0,4.396,1
3504.01,117689799,FP,2.1570462,17928.3672773,2.3436622,0
4817.01,60074373,FP,3.190373,42550.0,2.684,0
1624.01,461387302,FP,5.8089284,1111.0,5.137,0
7318.01,387414814,PC,3.4220041,16151.0,2.448,1
817.01,30312676,FP,1.10223,1015.0,2.598,0
4048.01,279605855,FP,1.972401,7460.0,2.435,0
6580.01,170627138,PC,10.9600975,4111.0,6.171,1
2946.01,302798365,PC,4.9186433,19840.0,1.849,1
1712.01,67926921,FP,3.566276,3870.0,4.197,0
390.01,250386181,FP,1.470258,2700.0,1.126,0
2340.01,29959761,FP,1.6471574,3880.0,1.033,0
1304.01,186000935,FP,8.8735214,1949.0,4.059,0
2960.01,462072242,PC,2.0916623,5500.0,3.274,1
1048.01,384549882,FP,0.30412,1330.0,0.748,0
6907.01,198185513,PC,3.3795099,18575.2343451,2.7055281,1
6436.01,290415036,PC,6.1879019,9168.0,2.432,1
1542.01,367607434,FA,8.2916,470.0,3.361,0
1947.01,460140752,FP,12.0077462,2921.0,2.818,0
4589.01,164458714,KP,17.8335899,289.0,3.642,1
999.01,341186896,FP,1.5078959,1839.0,2.759,0
1226.01,177115354,PC,3.9287851,485.9762569,1.8165271,1
2902.01,290302097,FP,2.9918201,3410.0,2.231,0
3422.01,286099128,KP,3.7788779,17654.0731284,3.1290228,1
1274.01,459969957,PC,19.3203478,13910.0,4.215,1
879.01,37084932,FP,6.58454,5500.94,3.395,0
6196.01,330944099,FP,3.6119975,11983.0,4.013,0
